Frame,integer_adm2,integer_adm_scale0,integer_adm_scale1,integer_adm_scale2,integer_adm_scale3,integer_adm,integer_adm_num,integer_adm_den,integer_adm_num_scale0,integer_adm_den_scale0,integer_adm_num_scale1,integer_adm_den_scale1,integer_adm_num_scale2,integer_adm_den_scale2,integer_adm_num_scale3,integer_adm_den_scale3,integer_motion2,integer_motion,integer_vif_scale0,integer_vif_scale1,integer_vif_scale2,integer_vif_scale3,integer_vif,integer_vif_num,integer_vif_den,integer_vif_num_scale0,integer_vif_den_scale0,integer_vif_num_scale1,integer_vif_den_scale1,integer_vif_num_scale2,integer_vif_den_scale2,integer_vif_num_scale3,integer_vif_den_scale3,integer_motion3,vmaf,
0,1.000000,1.000000,1.000000,1.000000,1.000000,1.000000,237.079708,237.079725,103.967118,103.967125,65.573960,65.573965,41.408153,41.408157,26.130477,26.130478,0.000000,0.000000,1.000000,1.000000,1.000000,1.000000,1.000000,11016000.000000,11016000.000000,8294400.000000,8294400.000000,2073600.000000,2073600.000000,518400.000000,518400.000000,129600.000000,129600.000000,0.000000,97.428027,
1,1.000000,1.000000,1.000000,1.000000,1.000000,1.000000,237.079708,237.079725,103.967118,103.967125,65.573960,65.573965,41.408153,41.408157,26.130477,26.130478,0.000000,0.000000,1.000000,1.000000,1.000000,1.000000,1.000000,11016000.000000,11016000.000000,8294400.000000,8294400.000000,2073600.000000,2073600.000000,518400.000000,518400.000000,129600.000000,129600.000000,0.000000,97.428027,
2,1.000000,1.000000,1.000000,1.000000,1.000000,1.000000,237.079708,237.079725,103.967118,103.967125,65.573960,65.573965,41.408153,41.408157,26.130477,26.130478,0.000000,0.000000,1.000000,1.000000,1.000000,1.000000,1.000000,11016000.000000,11016000.000000,8294400.000000,8294400.000000,2073600.000000,2073600.000000,518400.000000,518400.000000,129600.000000,129600.000000,0.000000,97.428027,
3,1.000000,1.000000,1.000000,1.000000,1.000000,1.000000,237.079708,237.079725,103.967118,103.967125,65.573960,65.573965,41.408153,41.408157,26.130477,26.130478,0.000000,0.000000,1.000000,1.000000,1.000000,1.000000,1.000000,11016000.000000,11016000.000000,8294400.000000,8294400.000000,2073600.000000,2073600.000000,518400.000000,518400.000000,129600.000000,129600.000000,0.000000,97.428027,
4,1.000000,1.000000,1.000000,1.000000,1.000000,1.000000,237.079708,237.079725,103.967118,103.967125,65.573960,65.573965,41.408153,41.408157,26.130477,26.130478,0.000000,0.000000,1.000000,1.000000,1.000000,1.000000,1.000000,11016000.000000,11016000.000000,8294400.000000,8294400.000000,2073600.000000,2073600.000000,518400.000000,518400.000000,129600.000000,129600.000000,0.000000,97.428027,
5,1.000000,1.000000,1.000000,1.000000,1.000000,1.000000,237.079708,237.079725,103.967118,103.967125,65.573960,65.573965,41.408153,41.408157,26.130477,26.130478,0.000000,0.000000,1.000000,1.000000,1.000000,1.000000,1.000000,11016000.000000,11016000.000000,8294400.000000,8294400.000000,2073600.000000,2073600.000000,518400.000000,518400.000000,129600.000000,129600.000000,0.000000,97.428027,
6,1.000000,1.000000,1.000000,1.000000,1.000000,1.000000,237.079708,237.079725,103.967118,103.967125,65.573960,65.573965,41.408153,41.408157,26.130477,26.130478,0.000000,0.000000,1.000000,1.000000,1.000000,1.000000,1.000000,11016000.000000,11016000.000000,8294400.000000,8294400.000000,2073600.000000,2073600.000000,518400.000000,518400.000000,129600.000000,129600.000000,0.000000,97.428027,
7,1.000000,1.000000,1.000000,1.000000,1.000000,1.000000,237.079708,237.079725,103.967118,103.967125,65.573960,65.573965,41.408153,41.408157,26.130477,26.130478,0.000000,0.000000,1.000000,1.000000,1.000000,1.000000,1.000000,11016000.000000,11016000.000000,8294400.000000,8294400.000000,2073600.000000,2073600.000000,518400.000000,518400.000000,129600.000000,129600.000000,0.000000,97.428027,
8,1.000000,1.000000,1.000000,1.000000,1.000000,1.000000,237.079708,237.079725,103.967118,103.967125,65.573960,65.573965,41.408153,41.408157,26.130477,26.130478,0.000000,0.000000,1.000000,1.000000,1.000000,1.000000,1.000000,11016000.000000,11016000.000000,8294400.000000,8294400.000000,2073600.000000,2073600.000000,518400.000000,518400.000000,129600.000000,129600.000000,0.000000,97.428027,
9,1.000000,1.000000,1.000000,1.000000,1.000000,1.000000,237.079708,237.079725,103.967118,103.967125,65.573960,65.573965,41.408153,41.408157,26.130477,26.130478,0.000000,0.000000,1.000000,1.000000,1.000000,1.000000,1.000000,11016000.000000,11016000.000000,8294400.000000,8294400.000000,2073600.000000,2073600.000000,518400.000000,518400.000000,129600.000000,129600.000000,0.000000,97.428027,
10,0.985220,0.989540,0.981377,0.980744,0.986377,0.985220,399.338357,405.329084,114.931930,116.146866,93.952671,95.735521,62.263680,63.486183,128.190075,129.960514,0.179424,48.582123,0.995028,0.998875,0.999272,0.999647,0.996007,12056408.887019,12104747.445801,9067601.410997,9112914.952637,2270112.122760,2272668.380371,572913.987168,573331.288574,145781.366093,145832.824219,0.179424,94.389818,
11,0.985413,0.989633,0.981284,0.980850,0.986913,0.985413,399.310098,405.220929,114.947440,116.151531,93.952478,95.744400,62.254153,63.469592,128.156027,129.855406,0.179424,0.179424,0.995069,0.998910,0.999307,0.999651,0.996046,12056932.606126,12104790.950684,9068036.633853,9112970.157227,2270182.370435,2272659.193359,572930.321022,573327.417480,145783.280815,145834.182617,0.179424,94.433931,
12,0.986017,0.989747,0.981702,0.982635,0.987518,0.986017,399.320564,404.983304,114.939052,116.129787,93.962493,95.713896,62.359708,63.461704,128.059311,129.677917,0.186749,0.187659,0.995244,0.999012,0.999370,0.999765,0.996202,12060069.658932,12106053.825195,9070558.324791,9113902.416504,2270659.851126,2272904.433105,573036.880739,573398.119141,145814.602277,145848.856445,0.186749,94.587968,
13,0.985987,0.989421,0.981682,0.981026,0.988523,0.985987,399.157585,404.830625,114.935353,116.164196,93.985152,95.738913,62.305490,63.510554,127.931590,129.416962,0.186749,0.186749,0.995182,0.998954,0.999300,0.999693,0.996140,12060953.963254,12107695.584473,9071203.385893,9115120.739258,2270858.094027,2273236.179199,573073.171774,573474.578125,145819.311559,145864.087891,0.186749,94.572068,
14,0.986065,0.989460,0.981976,0.980598,0.988717,0.986065,399.559391,405.206020,114.929871,116.154118,93.954702,95.679199,62.328888,63.562097,128.345929,129.810607,0.185347,0.200009,0.995076,0.998885,0.999246,0.999652,0.996044,12063842.265205,12111762.396973,9073339.453674,9118240.522461,2271441.052949,2273976.640137,573206.303932,573639.058594,145855.454652,145906.175781,0.185347,94.581020,
15,0.986329,0.989421,0.982073,0.981693,0.988957,0.986329,400.190246,405.737183,114.924837,116.153652,93.945369,95.660313,62.389420,63.552892,128.930620,130.370326,0.185347,0.185347,0.995100,0.998868,0.999219,0.999631,0.996057,12065828.576521,12113591.577637,9075002.083345,9119687.908203,2271710.016018,2274285.211426,573248.980928,573697.185547,145867.496230,145921.272461,0.185347,94.635487,
16,0.986455,0.989095,0.982269,0.982684,0.989012,0.986455,400.567131,406.067115,114.861238,116.127556,93.964141,95.660252,62.545867,63.648027,129.195885,130.631280,0.185768,0.185768,0.994716,0.999041,0.999398,0.999821,0.995811,12064567.769275,12115314.517090,9072835.121842,9121029.634766,2272396.888323,2274577.798340,573419.199325,573764.395996,145916.559784,145942.687988,0.185768,94.687456,
17,0.986029,0.989468,0.982091,0.980493,0.988559,0.986029,400.814603,406.493899,114.927055,116.150333,93.981069,95.694889,62.623318,63.869210,129.283161,130.779467,0.187899,0.201475,0.995053,0.998946,0.999319,0.999777,0.996043,12069948.488859,12117897.011719,9077977.607344,9123106.297852,2272582.863584,2274979.595703,573461.386878,573851.939941,145926.631053,145959.178223,0.187899,94.590208,
18,0.985957,0.989669,0.982594,0.979364,0.988354,0.985957,400.922697,406.633007,114.940388,116.140198,93.996767,95.661892,62.789539,64.112555,129.196004,130.718363,0.187899,0.187899,0.994980,0.998930,0.999336,0.999770,0.995986,12070499.619392,12119151.555176,9078334.244844,9124137.244629,2272731.358658,2275165.751953,573503.728367,573884.687500,145930.287523,145963.871094,0.187899,94.574710,
19,0.991208,0.993693,0.990135,0.983768,0.993425,0.991208,408.549179,412.172941,115.636832,116.370728,95.424864,96.375565,63.964047,65.019451,133.523436,134.407198,1.077569,1.077569,0.997035,0.999314,0.999666,0.999731,0.997620,12109840.542274,12138727.974609,9111470.429514,9138562.579102,2277435.227207,2278999.234375,574683.373781,574875.367676,146251.511771,146290.793457,1.077569,96.959980,
20,0.991213,0.993541,0.992230,0.991018,0.988673,0.991213,423.184768,426.936265,116.317729,117.073944,98.110887,98.879139,68.822053,69.445827,139.934099,141.537355,0.167959,2.804222,0.995002,0.998870,0.999283,0.999499,0.995985,12135739.721400,12184656.764648,9126200.109309,9172043.073730,2285592.814098,2288179.303223,576899.138231,577312.991699,147047.659762,147121.395996,0.167959,95.666477,
21,0.990893,0.993403,0.991596,0.989779,0.988875,0.990893,423.530334,427.422775,116.322804,117.095242,98.251672,99.084383,68.781374,69.491648,140.174484,141.751503,0.167959,0.167959,0.995769,0.998921,0.999302,0.999553,0.996574,12143005.402284,12184752.268066,9133300.942286,9172108.744629,2285730.745651,2288200.854980,576915.490211,577318.727051,147058.224137,147123.941406,0.167959,95.602761,
22,0.991600,0.993587,0.992423,0.990860,0.989741,0.991600,423.142309,426.726770,116.328850,117.079666,98.237287,98.987280,68.617750,69.250727,139.958421,141.409098,0.168255,0.168634,0.995786,0.998932,0.999308,0.999571,0.996590,12142847.406239,12184401.660156,9133210.372639,9171857.399902,2285686.059099,2288130.505859,576900.172550,577299.822266,147050.801952,147113.932129,0.168255,95.758793,
23,0.991813,0.993570,0.992292,0.991336,0.990254,0.991813,423.030751,426.522848,116.325361,117.078152,98.196171,98.958954,68.571659,69.170982,139.937560,141.314760,0.168255,0.168255,0.995792,0.998955,0.999333,0.999612,0.996600,12142572.142409,12184002.871094,9132986.256590,9171583.824219,2285643.912109,2288034.764160,576892.531464,577277.710449,147049.442246,147106.572266,0.168255,95.809557,
24,0.991437,0.992604,0.991293,0.993635,0.989497,0.991437,422.752426,426.403653,116.229287,117.095345,98.072159,98.933590,68.632031,69.071672,139.818949,141.303046,0.168732,0.168732,0.994120,0.998922,0.999356,0.999576,0.995336,12127168.024827,12183997.169434,9117653.621293,9171581.633789,2285564.068163,2288030.931641,576905.191738,577277.063477,147045.143633,147107.540527,0.168732,95.725506,
25,0.991955,0.994515,0.993046,0.991517,0.989289,0.991955,423.169925,426.602005,116.381298,117.023224,98.224143,98.911955,68.579724,69.166468,139.984761,141.500359,0.169177,0.169177,0.996583,0.999027,0.999373,0.999658,0.997211,12150584.260283,12184561.852051,9140582.545558,9171922.457520,2285976.087272,2288201.641113,576952.817306,577314.686523,147072.810147,147123.066895,0.169177,95.848187,
26,0.991655,0.994247,0.992523,0.989494,0.989962,0.991655,423.302110,426.864161,116.388421,117.061829,98.248623,98.988752,68.528777,69.256357,140.136290,141.557223,0.169292,0.171050,0.996554,0.999051,0.999400,0.999692,0.997196,12150626.556801,12184793.693359,9140504.060927,9172108.118164,2286060.775545,2288232.145996,576983.495073,577329.914062,147078.225256,147123.515137,0.169292,95.787132,
27,0.991700,0.994494,0.992605,0.989884,0.989648,0.991700,423.341263,426.884239,116.400072,117.044548,98.239674,98.971563,68.544433,69.244937,140.157085,141.623191,0.169207,0.169292,0.996620,0.999047,0.999378,0.999681,0.997243,12151162.942106,12184754.200684,9141051.923524,9172057.039551,2286058.850558,2288238.873047,576974.611659,577333.871094,147077.556365,147124.416992,0.169207,95.795001,
28,0.991631,0.994026,0.992122,0.990160,0.990027,0.991631,423.324564,426.897264,116.384337,117.083851,98.212309,98.992188,68.551508,69.232756,140.176409,141.588470,0.169207,0.169207,0.996411,0.999051,0.999401,0.999707,0.997089,12149533.135133,12185009.327637,9139429.547047,9172346.269043,2286042.636481,2288213.388184,576980.098535,577325.778320,147080.853069,147123.892090,0.169207,95.782915,
29,0.991631,0.994430,0.992478,0.989694,0.989672,0.991631,423.361900,426.935092,116.389971,117.041847,98.239198,98.983767,68.546994,69.260789,140.185736,141.648689,0.169015,0.170141,0.996682,0.999055,0.999391,0.999698,0.997292,12151891.707133,12184886.488281,9141724.498009,9172160.357910,2286102.278096,2288265.356445,576983.382727,577334.760742,147081.548301,147126.013184,0.169015,95.781525,
30,0.991750,0.994491,0.992627,0.989947,0.989754,0.991750,423.376054,426.897939,116.404696,117.049561,98.245746,98.975540,68.547422,69.243506,140.178190,141.629332,0.168933,0.169015,0.996670,0.999039,0.999378,0.999692,0.997280,12151857.630934,12185005.498047,9141718.193574,9172263.202637,2286076.160960,2288274.450684,576981.835849,577341.081055,147081.440551,147126.763672,0.168933,95.806253,
31,0.991831,0.994503,0.992736,0.989543,0.990111,0.991831,423.399469,426.886579,116.398538,117.041969,98.243814,98.962698,68.541030,69.265360,140.216087,141.616551,0.167703,0.168933,0.996761,0.999067,0.999408,0.999700,0.997355,12152609.049649,12184834.450195,9142410.064416,9172115.238281,2286123.344601,2288257.452637,576993.332505,577335.254883,147082.308126,147126.504395,0.167703,95.824395,
32,0.991777,0.994333,0.992548,0.989936,0.990025,0.991777,423.387656,426.897915,116.408266,117.071655,98.258979,98.996748,68.517980,69.214540,140.202431,141.614972,0.167703,0.167703,0.996625,0.999094,0.999416,0.999699,0.997258,12151723.785649,12185136.272949,9141440.856830,9172399.115234,2286196.846997,2288269.679199,577003.676418,577340.739258,147082.405404,147126.739258,0.167703,95.813008,
33,0.991890,0.994578,0.992696,0.989587,0.990231,0.991890,423.420297,426.882417,116.412031,117.046631,98.262823,98.985861,68.518625,69.239649,140.226817,141.610276,0.169566,0.169566,0.996863,0.999094,0.999404,0.999667,0.997436,12153611.872184,12184852.604004,9143334.951713,9172109.367188,2286200.115754,2288273.597656,576997.053457,577340.863770,147079.751259,147128.775391,0.169566,95.837159,
34,0.991675,0.994529,0.992438,0.989455,0.989870,0.991675,423.430371,426.984824,116.420165,117.060638,98.255406,99.004076,68.535668,69.266077,140.219132,141.654033,0.170071,0.170071,0.996739,0.999111,0.999435,0.999682,0.997348,12152661.069467,12184979.679688,9142362.091056,9172272.791504,2286209.494031,2288244.625977,577008.598241,577334.560547,147080.886139,147127.701660,0.170071,95.793801,
35,0.992143,0.994771,0.992196,0.985398,0.993261,0.992143,422.848699,426.197441,116.512561,117.125023,98.423745,99.197889,68.660066,69.677475,139.252328,140.197054,0.198476,0.987880,0.993998,0.998486,0.999009,0.999250,0.995140,12209715.179472,12269346.232422,9184507.896817,9239968.144531,2297637.753806,2301122.433594,579769.912661,580345.114258,147799.616188,147910.540039,0.198476,95.876420,
36,0.992149,0.994475,0.991892,0.986059,0.993415,0.992149,422.889837,426.236090,116.496027,117.143265,98.433791,99.238401,68.692124,69.663311,139.267895,140.191113,0.198476,0.198476,0.994074,0.998476,0.998955,0.999237,0.995193,12210955.457784,12269939.037598,9185546.818729,9240304.078613,2297807.914271,2301314.717773,579792.174083,580398.791504,147808.550701,147921.449707,0.198476,95.874365,
37,0.992442,0.994696,0.992556,0.985760,0.993802,0.992442,423.076534,426.298504,116.508084,117.129372,98.463630,99.202133,68.732801,69.725702,139.372019,140.241297,0.215319,0.222411,0.994200,0.998435,0.998934,0.999247,0.995279,12214638.345299,12272578.826172,9188961.836988,9242569.371582,2298042.601396,2301645.600586,579826.506396,580445.087891,147807.400520,147918.766113,0.215319,95.961179,
38,0.992541,0.994534,0.992585,0.986330,0.993933,0.992541,423.203878,426.384097,116.495501,117.135815,98.469886,99.205542,68.753041,69.705930,139.485450,140.336811,0.214597,0.215319,0.994206,0.998550,0.999037,0.999320,0.995311,12215057.134064,12272605.204102,9189047.631909,9242599.418457,2298290.455939,2301627.259277,579894.121735,580452.964844,147824.924481,147925.561523,0.214597,95.992850,
39,0.992617,0.994579,0.992847,0.986213,0.993998,0.992617,423.215676,426.363472,116.500482,117.135498,98.475357,99.184786,68.749840,69.710950,139.489997,140.332238,0.214597,0.214597,0.994360,0.998518,0.999000,0.999350,0.995419,12215670.226079,12271884.712402,9189890.661748,9242018.591797,2298120.838245,2301530.860352,579840.549375,580420.887207,147818.176711,147914.373047,0.214597,96.009968,
40,0.992949,0.994324,0.992183,0.987137,0.995231,0.992949,423.258375,426.263972,116.501554,117.166538,98.496681,99.272646,68.789868,69.686245,139.470272,140.138543,0.219481,0.219481,0.994285,0.998790,0.999214,0.999456,0.995425,12214811.359045,12270946.913574,9188666.645414,9241480.439453,2298446.119687,2301231.083008,579882.843768,580339.238770,147815.750177,147896.152344,0.219481,96.108504,
41,0.991062,0.993024,0.990756,0.985740,0.992280,0.991062,431.857446,435.752110,116.883238,117.704292,99.698371,100.628563,70.087776,71.101660,145.188061,146.317595,0.218366,2.199356,0.992656,0.998060,0.998697,0.999140,0.994034,12239953.592679,12313415.192871,9204023.828095,9272117.352051,2305373.401607,2309854.019531,581998.314639,582757.863281,148558.048339,148685.958008,0.218366,95.642853,
42,0.990937,0.993034,0.991258,0.986341,0.991266,0.990937,432.149000,436.101375,116.842120,117.661751,99.752471,100.632229,70.230736,71.203275,145.323673,146.604120,0.166038,0.218366,0.992829,0.997995,0.998623,0.998936,0.994146,12242899.985712,12314993.777344,9206574.384023,9273076.170898,2305673.985349,2310305.137207,582078.685026,582881.283691,148572.931313,148731.185547,0.166038,95.523397,
43,0.990845,0.992966,0.991056,0.985432,0.991627,0.990845,432.164862,436.157892,116.848042,117.675720,99.741714,100.641869,70.179661,71.217142,145.395444,146.623161,0.166038,0.166038,0.992794,0.997956,0.998559,0.998866,0.994109,12242679.708308,12315230.961426,9206408.767273,9273228.821777,2305637.668851,2310359.896973,582063.181526,582903.410645,148570.090658,148738.832031,0.166038,95.494644,
44,0.991014,0.992898,0.991210,0.986525,0.991550,0.991014,432.156366,436.074717,116.827768,117.663425,99.762436,100.647171,70.248184,71.207741,145.317979,146.556379,0.176617,0.176617,0.992732,0.997948,0.998554,0.998896,0.994060,12242018.394318,12315166.229492,9205769.722002,9273168.344727,2305626.945631,2310368.950684,582055.220949,582898.237305,148566.505736,148730.696777,0.176617,95.548322,
45,0.990646,0.992656,0.990534,0.985672,0.991524,0.990646,432.046672,436.126243,116.850004,117.714466,99.725622,100.678648,70.167456,71.187428,145.303590,146.545701,0.192349,0.192349,0.992410,0.997984,0.998615,0.998941,0.993828,12241045.845673,12317065.798828,9204527.743202,9274925.252441,2305830.328677,2310488.154297,582109.529194,582916.666016,148578.244601,148735.726074,0.192349,95.496232,
46,0.990522,0.992937,0.990596,0.985789,0.990830,0.990522,432.091068,436.225636,116.843937,117.675121,99.726902,100.673662,70.127886,71.138849,145.392343,146.738003,0.202030,0.202030,0.992795,0.997943,0.998567,0.998925,0.994108,12245659.574357,12318239.640625,9208875.642740,9275706.427734,2306032.167864,2310786.256348,582155.350805,582990.699219,148596.412948,148756.257324,0.202030,95.479245,
47,0.990384,0.992645,0.990594,0.985436,0.990827,0.990384,431.936258,436.129873,116.852738,117.718590,99.716285,100.663107,70.114081,71.150345,145.253153,146.597832,0.211903,0.219250,0.992496,0.997954,0.998595,0.998953,0.993887,12243296.630057,12318603.837402,9206563.018053,9276167.527832,2305989.255994,2310717.416504,582148.816448,582967.666504,148595.539562,148751.226562,0.211903,95.466358,
48,0.990824,0.992095,0.991741,0.986655,0.991200,0.990824,432.128407,436.130183,116.789618,117.720238,99.827565,100.658878,70.240054,71.190101,145.271170,146.560966,0.208791,0.211903,0.992122,0.997975,0.998665,0.998977,0.993612,12239945.929258,12318633.002930,9202980.388536,9276056.300781,2306146.161249,2310826.652344,582214.315809,582992.739258,148605.063664,148757.310547,0.208791,95.562639,
49,0.990651,0.992932,0.991009,0.984948,0.991343,0.990651,432.197949,436.276796,116.864165,117.696068,99.789852,100.695189,70.133365,71.205169,145.410568,146.680371,0.208791,0.208791,0.992597,0.997814,0.998509,0.998783,0.993930,12244299.798545,12319079.037109,9207757.943860,9276434.593750,2305835.811903,2310887.997559,582126.500389,582995.797852,148579.542393,148760.647949,0.208791,95.501858,
50,0.991031,0.992906,0.991592,0.986499,0.991339,0.991031,432.467709,436.381831,116.883921,117.719002,99.831000,100.677528,70.232979,71.194136,145.519809,146.791165,0.217276,0.217276,0.992406,0.997906,0.998566,0.998848,0.993807,12241191.475551,12317474.372559,9204854.832671,9275292.755859,2305705.300661,2310543.074219,582071.073838,582906.917480,148560.268381,148731.625000,0.217276,95.604409,
51,0.992551,0.994775,0.993213,0.985543,0.993711,0.992551,435.243451,438.510063,117.251640,117.867542,100.394284,101.080267,70.444588,71.477976,147.152939,148.084278,0.559452,0.559452,0.993932,0.998246,0.998890,0.998983,0.995037,12264568.946635,12325741.869629,9225102.768575,9281421.833008,2308061.847163,2312116.617676,582684.678416,583332.387695,148719.652481,148871.031250,0.559452,96.436632,
52,0.991357,0.994108,0.991741,0.986422,0.991325,0.991357,442.252269,446.108008,117.557019,118.253757,101.091682,101.933538,71.870113,72.859391,151.733455,153.061321,0.158207,1.752957,0.993279,0.998142,0.998787,0.999019,0.994522,12292743.248790,12360459.387207,9243680.990409,9306231.378906,2314999.515950,2319308.648926,584684.814649,585394.706543,149377.927784,149524.652832,0.158207,95.618938,
53,0.991684,0.994579,0.992221,0.986394,0.991611,0.991684,442.347405,446.056630,117.568880,118.209717,101.098423,101.890987,71.905197,72.897000,151.774906,153.058926,0.155665,0.158207,0.993594,0.998146,0.998777,0.999005,0.994759,12295456.635266,12360234.046387,9246330.915115,9305942.707520,2315058.547169,2319359.359863,584685.521368,585401.559082,149381.651615,149530.419922,0.155665,95.685348,
54,0.991490,0.994286,0.992017,0.986240,0.991479,0.991490,442.296304,446.092553,117.566273,118.241947,101.092210,101.905724,71.871386,72.874135,151.766435,153.070747,0.155665,0.155665,0.993507,0.998199,0.998836,0.999046,0.994707,12294432.537915,12359853.738281,9245285.400559,9305704.977539,2315073.739992,2319251.135254,584692.060665,585373.612305,149381.336699,149524.013184,0.155665,95.649139,
55,0.991558,0.994435,0.991967,0.986762,0.991346,0.991558,442.276548,446.042162,117.565323,118.223274,101.081664,101.900179,71.894376,72.858911,151.735185,153.059798,0.174982,0.174982,0.993539,0.998212,0.998864,0.999098,0.994736,12295621.242106,12360693.422852,9246278.899554,9306403.579102,2315218.015119,2319365.436523,584731.600842,585396.778809,149392.726592,149527.628418,0.174982,95.696123,
56,0.991921,0.994031,0.991996,0.987498,0.992346,0.991921,442.592809,446.197524,117.559594,118.265533,101.155665,101.971848,71.931900,72.842595,151.945651,153.117548,0.198554,0.198554,0.993299,0.998310,0.998934,0.999215,0.994578,12296327.045297,12363361.661133,9246270.384274,9308643.815918,2315776.882170,2319696.816895,584849.134255,585472.972168,149430.644599,149548.056152,0.198554,95.820802,
57,0.991811,0.994611,0.992320,0.986272,0.991943,0.991811,442.681051,446.336104,117.585662,118.222752,101.150105,101.932928,71.782413,72.781549,152.162870,153.398876,0.213664,0.226341,0.993498,0.998239,0.998869,0.999140,0.994710,12298098.433173,12363501.668457,9248092.556544,9308620.092285,2315733.147957,2319817.958496,584845.809601,585508.064453,149426.919071,149555.553223,0.213664,95.808551,
58,0.991779,0.994413,0.992196,0.986572,0.991940,0.991779,442.649793,446.319190,117.582760,118.243412,101.160011,101.955643,71.781466,72.758431,152.125556,153.361704,0.210447,0.213664,0.993415,0.998281,0.998927,0.999157,0.994659,12297486.927414,12363524.937500,9247410.314596,9308706.226562,2315783.856355,2319771.325195,584862.156235,585490.644043,149430.600227,149556.741699,0.210447,95.801117,
59,0.991731,0.994345,0.992075,0.985600,0.992397,0.991731,442.572443,446.262582,117.587795,118.256565,101.160110,101.968195,71.731422,72.779463,152.093115,153.258359,0.210447,0.210447,0.993330,0.998246,0.998876,0.999123,0.994585,12295811.392257,12362758.226074,9246081.866232,9308171.553711,2315534.406110,2319602.597168,584787.086755,585444.865723,149408.033159,149539.209473,0.210447,95.785602,
60,0.990685,0.993223,0.990642,0.986834,0.990603,0.990685,446.317653,450.514165,117.636051,118.438732,101.602277,102.562067,72.601949,73.570570,154.477376,155.942796,1.097854,1.153497,0.992833,0.997981,0.998702,0.999009,0.994152,12310979.501542,12383395.723633,9256061.919315,9322875.999023,2319223.759893,2323915.622070,585909.426498,586671.182617,149784.395837,149932.919922,1.097854,96.762338,
61,0.989746,0.991875,0.987566,0.985593,0.991514,0.989746,450.122124,454.785299,117.746193,118.710670,101.945622,103.229179,73.115011,74.183741,157.315297,158.661709,0.149326,1.097854,0.991756,0.997702,0.998470,0.998831,0.993276,12318357.527267,12401745.279297,9259161.008309,9336125.012207,2322278.693066,2327627.485840,586820.183634,587719.437012,150097.642258,150273.344238,0.149326,95.223712,
62,0.989613,0.991804,0.987716,0.985514,0.991124,0.989613,450.122887,454.847462,117.731580,118.704521,101.972059,103.240211,73.115620,74.190338,157.303628,158.712391,0.149326,0.149326,0.991789,0.997713,0.998483,0.998842,0.993304,12318718.906635,12401763.897461,9259490.333620,9336147.338867,2322312.472010,2327634.724121,586818.342624,587710.031738,150097.758380,150271.802734,0.149326,95.196175,
63,0.989439,0.991522,0.987301,0.985733,0.991004,0.989439,450.170612,454.975648,117.749357,118.756145,101.996758,103.308699,73.139710,74.198291,157.284787,158.712513,0.152759,0.152759,0.991376,0.997680,0.998476,0.998836,0.992986,12315529.394564,12402521.208496,9256359.847669,9336880.787109,2322255.543800,2327655.626465,586818.216003,587714.078125,150095.787092,150270.716797,0.152759,95.161879,
64,0.990175,0.991711,0.989421,0.986862,0.991065,0.990175,450.391442,454.860548,117.721613,118.705578,102.140181,103.232290,73.218910,74.193658,157.310738,158.729022,0.148764,0.153068,0.991405,0.997698,0.998456,0.998785,0.993009,12315557.432907,12402257.135742,9256244.182266,9336495.174805,2322386.924210,2327745.304688,586830.654429,587738.386230,150095.672002,150278.270020,0.148764,95.311643,
65,0.989817,0.991898,0.988118,0.987045,0.990661,0.989817,450.142693,454.773553,117.752287,118.714058,102.012230,103.238865,73.200569,74.161336,157.177606,158.659294,0.147686,0.148764,0.991739,0.997651,0.998417,0.998843,0.993251,12318443.568057,12402145.982422,9259320.213767,9336451.461914,2322223.732280,2327690.459961,586794.948390,587725.448730,150104.673620,150278.611816,0.147686,95.235122,
66,0.989675,0.991943,0.987888,0.986403,0.990672,0.989675,450.154413,454.850670,117.743676,118.700073,101.985093,103.235491,73.188654,74.197523,157.236991,158.717583,0.147382,0.147686,0.991873,0.997655,0.998400,0.998951,0.993353,12319485.699248,12401921.570801,9260358.052209,9336238.260742,2322217.283049,2327674.763184,586794.305182,587734.821777,150116.058808,150273.725098,0.147382,95.211731,
67,0.989410,0.991626,0.987618,0.986261,0.990390,0.989410,450.151482,454.969500,117.743684,118.737953,101.999908,103.278664,73.183332,74.202806,157.224558,158.750076,0.147382,0.147382,0.991557,0.997624,0.998411,0.998926,0.993110,12317014.554440,12402467.930664,9257971.045158,9336797.965820,2322147.530215,2327678.763672,586786.772691,587720.590332,150109.206375,150270.610840,0.147382,95.152261,
68,0.989492,0.992159,0.987825,0.986691,0.989891,0.989492,450.142011,454.922411,117.766024,118.696751,101.987829,103.244816,73.212105,74.199635,157.176053,158.781210,0.145999,0.147492,0.991968,0.997615,0.998367,0.998878,0.993415,12320536.013115,12402203.710449,9261415.278346,9336402.088379,2322208.619936,2327761.299805,586799.219078,587758.791016,150112.895755,150281.531250,0.145999,95.162511,
69,0.989538,0.991913,0.987523,0.986139,0.990661,0.989538,450.155985,454.915347,117.763495,118.723633,101.980239,103.268684,73.174765,74.203282,157.237486,158.719748,0.144615,0.145999,0.991841,0.997682,0.998451,0.998948,0.993337,12319364.582203,12402001.182129,9260166.817326,9336339.453613,2322265.106726,2327660.271484,586814.821601,587725.485840,150117.836551,150275.971191,0.144615,95.180187,
70,0.989454,0.992032,0.987753,0.985793,0.990343,0.989454,450.143385,454.941422,117.768485,118.714439,101.996128,103.260740,73.176045,74.230618,157.202728,158.735624,0.144615,0.144615,0.991920,0.997706,0.998469,0.998905,0.993401,12320447.391769,12402287.350586,9261142.506936,9336577.878418,2322352.006317,2327692.378906,586833.356336,587733.007324,150119.522180,150284.085938,0.144615,95.159436,
71,0.994425,0.996320,0.994700,0.993244,0.993419,0.994425,466.310008,468.924172,120.213907,120.657932,106.805374,107.374430,88.993358,89.598724,150.297369,151.293086,0.231181,2.716117,0.993245,0.998503,0.999150,0.999434,0.994583,12310876.280331,12377921.948242,9262874.504315,9325867.471680,2315153.464630,2318624.941406,583940.716787,584437.580566,148907.594599,148991.954590,0.231181,96.439393,
72,0.995085,0.996099,0.994539,0.994734,0.994875,0.995085,469.153807,471.471222,120.203071,120.673836,106.880296,107.467125,90.024637,90.501176,152.045803,152.829085,0.198854,0.231181,0.994021,0.998770,0.999280,0.999544,0.995226,12348437.993013,12407676.645996,9291740.848281,9347630.455566,2321617.662028,2324476.519531,585664.324610,586086.321289,149415.158093,149483.349609,0.198854,96.554755,
73,0.994283,0.996066,0.994580,0.994118,0.992764,0.994283,469.231290,471.929462,120.246459,120.721352,106.966839,107.549711,90.098681,90.631732,151.919310,153.026668,0.198854,0.198854,0.993193,0.998289,0.998961,0.999277,0.994493,12341577.217935,12409917.852051,9285797.862243,9349442.915527,2320803.907381,2324782.398438,585566.295783,586175.275391,149409.152527,149517.262695,0.198854,96.341396,
74,0.994323,0.995917,0.993974,0.992913,0.994151,0.994323,471.280361,473.971232,120.252399,120.745449,106.994963,107.643572,90.421466,91.066893,153.611533,154.515319,0.200903,0.220697,0.992985,0.998244,0.998976,0.999308,0.994330,12367317.640817,12437845.363281,9303921.361241,9369650.360352,2326333.206566,2330426.158203,587164.840293,587766.770020,149898.232716,150002.074707,0.200903,96.355697,
75,0.993982,0.995594,0.993242,0.993308,0.993637,0.993982,471.558384,474.413285,120.280472,120.812828,107.018342,107.746529,90.482923,91.092539,153.776648,154.761390,0.200903,0.200903,0.992870,0.998198,0.998918,0.999306,0.994231,12367366.629938,12439122.279785,9303693.287391,9370508.956055,2326523.924224,2330724.072266,587211.405763,587847.167480,149938.012561,150042.083984,0.200903,96.278548,
76,0.994121,0.995250,0.992747,0.993986,0.994275,0.994121,473.846980,476.649251,120.307714,120.881870,107.121569,107.904198,91.229143,91.781092,155.188556,156.082091,0.202374,0.220746,0.992880,0.998458,0.999076,0.999472,0.994298,12396962.966423,12468061.691895,9325048.971389,9391920.684570,2332610.336417,2336213.425781,588864.683410,589409.058594,150438.975207,150518.522949,0.202374,96.332433,
77,0.994008,0.995456,0.992867,0.993429,0.994016,0.994008,473.991186,476.848522,120.359384,120.908836,107.161376,107.931269,91.119492,91.722194,155.350934,156.286223,0.198534,0.202374,0.992836,0.998185,0.998886,0.999228,0.994201,12396416.904794,12468717.898438,9324875.657963,9392162.202637,2332253.527293,2336495.275391,588843.621130,589500.075195,150444.098408,150560.345215,0.198534,96.273077,
78,0.993935,0.995012,0.992656,0.992925,0.994577,0.993935,474.297912,477.192230,120.336360,120.939564,107.199779,107.992887,91.196296,91.846087,155.565477,156.413692,0.198534,0.198534,0.992674,0.998273,0.998980,0.999391,0.994102,12396721.240403,12470267.418945,9324592.872791,9393410.928711,2332692.468782,2336727.659180,588951.224884,589552.458984,150484.673946,150576.372070,0.198534,96.274703,
79,0.993999,0.994949,0.991923,0.993270,0.995123,0.993999,476.242786,479.118167,120.362872,120.973972,107.270393,108.143909,91.894283,92.516954,156.715238,157.483331,0.181333,0.226203,0.993233,0.998472,0.999043,0.999399,0.994564,12431715.778377,12499659.580078,9351273.364777,9414980.288086,2338888.598489,2342468.813477,590582.504090,591148.345703,150971.311021,151062.132812,0.181333,96.269618,
80,0.994154,0.994545,0.991530,0.994319,0.995558,0.994154,476.519974,479.322154,120.340619,121.000683,107.286914,108.203381,91.967154,92.492613,156.925286,157.625478,0.181333,0.181333,0.992947,0.998631,0.999215,0.999555,0.994388,12429737.007100,12499881.009277,9348750.655417,9415156.568359,2339277.404406,2342484.437012,590703.856447,591167.633301,151005.090831,151072.370605,0.181333,96.324282,
81,0.994557,0.994873,0.992453,0.993988,0.996091,0.994557,476.981081,479.591659,120.394034,121.014465,107.445639,108.262651,91.981361,92.537736,157.160047,157.776806,0.179530,0.182487,0.993391,0.998543,0.999145,0.999455,0.994702,12435219.149494,12501456.549805,9354046.320965,9416282.392090,2339420.855546,2342834.365723,590736.889525,591242.291016,151015.083458,151097.500977,0.179530,96.398168,
82,0.994368,0.995029,0.992590,0.992862,0.995964,0.994368,477.212719,479.915603,120.423942,121.025589,107.520765,108.323393,91.971564,92.632775,157.296449,157.933846,0.179530,0.179530,0.993432,0.998570,0.999157,0.999503,0.994739,12436014.123069,12501788.174316,9354619.215467,9416469.615234,2339580.019353,2342929.866211,590783.592370,591282.278320,151031.295878,151106.414551,0.179530,96.361605,
83,0.993918,0.995085,0.992288,0.992654,0.994881,0.993918,477.284287,480.205124,120.449435,121.044426,107.538640,108.374405,91.979149,92.659842,157.317062,158.126451,0.180013,0.180013,0.993399,0.998515,0.999098,0.999451,0.994700,12436699.933430,12502962.291016,9355209.518220,9417376.682617,2339650.384700,2343128.897949,590799.738304,591333.375977,151040.292206,151123.334473,0.180013,96.257030,
84,0.994337,0.995289,0.992264,0.993088,0.995756,0.994337,478.578405,481.304058,120.464325,121.034527,107.649658,108.488932,92.184853,92.826483,158.279569,158.954117,0.198038,0.216838,0.992677,0.998443,0.999073,0.999487,0.994142,12454929.639131,12528314.895996,9366584.206581,9435685.119141,2344599.901393,2348257.047363,592252.436360,592801.879883,151493.094798,151570.849609,0.198038,96.374367,
85,0.993570,0.995105,0.992523,0.991852,0.994118,0.993570,478.792043,481.890633,120.513358,121.106113,107.758750,108.570478,92.186562,92.943884,158.333374,159.270157,0.198038,0.198038,0.992859,0.998201,0.998868,0.999283,0.994222,12457342.259149,12529736.901855,9369195.371273,9436585.925781,2344403.767228,2348628.187988,592244.121253,592915.132812,151498.999395,151607.655273,0.198038,96.180712,
86,0.993485,0.994621,0.992461,0.991643,0.994395,0.993485,480.133531,483.281973,120.535260,121.187099,107.844861,108.664133,92.548356,93.328340,159.205054,160.102401,0.195837,0.219700,0.992555,0.998215,0.998897,0.999279,0.993998,12481050.781957,12556417.743164,9385712.528174,9456113.196777,2349664.730190,2353865.940918,593719.015125,594374.460938,151954.508467,152064.144531,0.195837,96.160086,
87,0.993331,0.994505,0.991564,0.991851,0.994505,0.993331,480.364555,483.589448,120.543035,121.209099,107.863930,108.781620,92.562775,93.323251,159.394816,160.275478,0.193694,0.195837,0.992522,0.998179,0.998920,0.999288,0.993968,12482250.747397,12558006.370117,9386574.707326,9457293.387695,2349898.073045,2354184.759766,593802.804844,594444.707520,151975.162182,152083.515137,0.193694,96.125072,
88,0.993502,0.993934,0.991243,0.991996,0.995584,0.993502,480.770263,483.914834,120.524024,121.259556,107.925356,108.878773,92.633834,93.381211,159.687049,160.395294,0.193694,0.193694,0.992283,0.998488,0.999126,0.999468,0.993857,12483408.768048,12560571.021973,9386650.232830,9459653.138184,2350763.977532,2354322.839844,593972.262115,594491.822266,152022.295571,152103.221680,0.193694,96.187337,
89,0.994410,0.994519,0.993054,0.991718,0.996809,0.994410,482.203948,484.914392,120.611491,121.276230,108.175254,108.931877,92.770673,93.545437,160.646530,161.160849,0.200207,0.216223,0.992689,0.998375,0.999041,0.999353,0.994137,12509227.464907,12583006.910645,9406338.332891,9475614.132812,2355221.975226,2359055.412598,595268.073369,595839.603516,152399.083421,152497.761719,0.200207,96.380909,
90,0.994331,0.994718,0.992961,0.992087,0.996268,0.994331,482.512634,485.263456,120.657024,121.297756,108.253415,109.020859,92.826258,93.566620,160.775938,161.378222,0.200207,0.200207,0.992518,0.998333,0.998962,0.999336,0.993996,12506777.060204,12582320.475586,9404095.066744,9474986.751953,2355036.419622,2358968.158203,595238.759838,595857.547852,152406.814000,152508.017578,0.200207,96.358471,
91,0.994104,0.994848,0.992543,0.992083,0.995776,0.994104,484.150721,487.022399,120.681627,121.306564,108.377007,109.191236,93.757538,94.505700,161.334548,162.018898,0.195020,0.209797,0.992213,0.998134,0.998872,0.999305,0.993725,12531916.145600,12611054.518066,9422407.336193,9496352.689941,2359996.316383,2364409.273926,596692.238156,597365.965820,152820.254867,152926.588379,0.195020,96.293885,
92,0.993858,0.994289,0.992060,0.991631,0.996044,0.993858,484.725165,487.720838,120.705270,121.398582,108.476840,109.345011,93.842331,94.634355,161.700724,162.342890,0.195020,0.195020,0.992149,0.998256,0.998932,0.999253,0.993701,12534569.224950,12614023.238770,9424245.522969,9498824.319336,2360691.925203,2364815.140137,596794.407996,597432.176270,152837.368782,152951.603027,0.195020,96.239599,
93,0.994006,0.994708,0.992438,0.990529,0.996581,0.994006,486.785095,489.720448,120.806565,121.449306,108.718721,109.547112,94.876725,95.783849,162.383084,162.940182,0.189147,0.217385,0.992500,0.998219,0.998908,0.999233,0.993958,12565145.681668,12641531.681641,9447529.641365,9518923.262695,2366009.387003,2370229.787598,598303.413205,598957.672852,153303.240096,153420.958496,0.189147,96.261005,
94,0.993819,0.994529,0.992175,0.991005,0.996050,0.993819,486.872412,489.900274,120.825946,121.490646,108.747760,109.605473,94.919349,95.780880,162.379357,163.023275,0.189147,0.189147,0.992670,0.998365,0.998985,0.999320,0.994118,12567806.363823,12642172.472168,9449825.493192,9519605.142578,2366346.657973,2370221.174316,598332.268836,598939.934570,153301.943822,153406.220703,0.189147,96.231707,
95,0.993730,0.994358,0.991940,0.991428,0.995815,0.993730,486.957543,490.030271,120.817197,121.502769,108.759471,109.643145,94.935282,95.756150,162.445593,163.128206,0.190984,0.190984,0.992205,0.998295,0.998958,0.999343,0.993754,12564166.059317,12643140.093750,9446290.307301,9520498.434570,2366231.835776,2370273.114258,598331.539575,598955.402832,153312.376666,153413.142090,0.190984,96.214630,
96,0.993743,0.993786,0.990985,0.991937,0.996625,0.993743,487.242118,490.309957,120.768079,121.523178,108.792008,109.781693,94.980138,95.752152,162.701893,163.252934,0.191658,0.191658,0.992676,0.998508,0.999104,0.999491,0.994157,12567141.594454,12641006.331055,9448800.291900,9518513.509766,2366598.785322,2370135.648438,598406.047181,598942.687012,153336.470051,153414.485840,0.191658,96.238274,
97,0.993881,0.994147,0.992285,0.991396,0.996212,0.993881,487.802985,490.806411,120.863571,121.575184,108.979939,109.827257,95.079369,95.904548,162.880106,163.499422,0.191238,0.194864,0.992284,0.998083,0.998881,0.999294,0.993769,12564925.559337,12643707.917969,9447191.406973,9520650.750977,2366044.158272,2370588.894043,598359.613992,599029.635254,153330.380099,153438.637695,0.191238,96.239443,
98,0.993424,0.993729,0.991696,0.990640,0.995990,0.993424,487.889006,491.118709,120.884519,121.647320,108.992086,109.904789,95.056058,95.954230,162.956343,163.612370,0.191238,0.191238,0.992041,0.998088,0.998852,0.999257,0.993585,12562184.898267,12643287.869141,9444546.986036,9520315.553711,2365974.674307,2370507.140137,598334.107474,599021.987793,153329.130449,153443.187500,0.191238,96.135504,
99,0.993937,0.993998,0.991493,0.992470,0.996394,0.993937,488.217029,491.194912,120.907080,121.637169,109.024317,109.959736,95.150101,95.872066,163.135530,163.725942,0.191730,0.191730,0.992123,0.998048,0.998826,0.999277,0.993638,12563442.086656,12643878.849121,9445751.945070,9520747.474609,2366005.463542,2370632.579590,598343.783217,599046.882324,153340.894827,153451.912598,0.191730,96.248327,
